<dependencies>
  <dependency groupId="org.apache.activemq" artifactId="activemq-broker" version="5.9.0" file-name="activemq-broker-5.9.0.jar">
    <dependency groupId="org.apache.activemq" artifactId="activemq-client" version="5.9.0" file-name="activemq-client-5.9.0.jar">
      <dependency groupId="org.fusesource.hawtbuf" artifactId="hawtbuf" version="1.9" file-name="hawtbuf-1.9.jar"/>
    </dependency>
    <dependency groupId="org.apache.activemq" artifactId="activemq-openwire-legacy" version="5.9.0" file-name="activemq-openwire-legacy-5.9.0.jar"/>
  </dependency>
  <dependency groupId="org.apache.activemq" artifactId="activemq-jdbc-store" version="5.9.0" file-name="activemq-jdbc-store-5.9.0.jar"/>
  <dependency groupId="org.apache.activemq" artifactId="activemq-ra" version="5.9.0" file-name="activemq-ra-5.9.0.jar">
    <dependency groupId="org.apache.activemq" artifactId="activemq-kahadb-store" version="5.9.0" file-name="activemq-kahadb-store-5.9.0.jar">
      <dependency groupId="org.apache.activemq.protobuf" artifactId="activemq-protobuf" version="1.1" file-name="activemq-protobuf-1.1.jar"/>
    </dependency>
  </dependency>
  <dependency groupId="org.apache.geronimo.components" artifactId="geronimo-connector" version="3.1.1" file-name="geronimo-connector-3.1.1.jar"/>
  <dependency groupId="org.apache.openejb" artifactId="openejb-core" version="4.6.0" file-name="openejb-core-4.6.0.jar">
    <dependency groupId="commons-cli" artifactId="commons-cli" version="1.2" file-name="commons-cli-1.2.jar"/>
    <dependency groupId="commons-dbcp" artifactId="commons-dbcp" version="1.4" file-name="commons-dbcp-1.4.jar"/>
    <dependency groupId="commons-logging" artifactId="commons-logging" version="1.1.1" file-name="commons-logging-1.1.1.jar"/>
    <dependency groupId="commons-pool" artifactId="commons-pool" version="1.5.7" file-name="commons-pool-1.5.7.jar"/>
    <dependency groupId="org.apache.bval" artifactId="bval-core" version="0.5" file-name="bval-core-0.5.jar">
      <dependency groupId="commons-beanutils" artifactId="commons-beanutils-core" version="1.8.3" file-name="commons-beanutils-core-1.8.3.jar"/>
    </dependency>
    <dependency groupId="org.apache.bval" artifactId="bval-jsr303" version="0.5" file-name="bval-jsr303-0.5.jar"/>
    <dependency groupId="org.apache.commons" artifactId="commons-lang3" version="3.1" file-name="commons-lang3-3.1.jar"/>
    <dependency groupId="org.apache.geronimo.javamail" artifactId="geronimo-javamail_1.4_mail" version="1.8.2" file-name="geronimo-javamail_1.4_mail-1.8.2.jar"/>
    <dependency groupId="org.apache.openejb" artifactId="mbean-annotation-api" version="4.6.0" file-name="mbean-annotation-api-4.6.0.jar"/>
    <dependency groupId="org.apache.openejb" artifactId="openejb-api" version="4.6.0" file-name="openejb-api-4.6.0.jar"/>
    <dependency groupId="org.apache.openejb" artifactId="openejb-javaagent" version="4.6.0" file-name="openejb-javaagent-4.6.0.jar"/>
    <dependency groupId="org.apache.openejb" artifactId="openejb-jee" version="4.6.0" file-name="openejb-jee-4.6.0.jar">
      <dependency groupId="com.sun.xml.bind" artifactId="jaxb-impl" version="2.2.6" file-name="jaxb-impl-2.2.6.jar"/>
    </dependency>
    <dependency groupId="org.apache.openejb" artifactId="openejb-jee-accessors" version="4.6.0" file-name="openejb-jee-accessors-4.6.0.jar">
      <dependency groupId="org.metatype.sxc" artifactId="sxc-jaxb-core" version="0.8" file-name="sxc-jaxb-core-0.8.jar">
        <dependency groupId="org.metatype.sxc" artifactId="sxc-runtime" version="0.8" file-name="sxc-runtime-0.8.jar"/>
      </dependency>
    </dependency>
    <dependency groupId="org.apache.openejb" artifactId="openejb-jpa-integration" version="4.6.0" file-name="openejb-jpa-integration-4.6.0.jar"/>
    <dependency groupId="org.apache.openejb.patch" artifactId="openjpa" version="2.3.0-nonfinal-1540826" file-name="openjpa-2.3.0-nonfinal-1540826.jar">
      <dependency groupId="commons-collections" artifactId="commons-collections" version="3.2.1" file-name="commons-collections-3.2.1.jar"/>
      <dependency groupId="commons-lang" artifactId="commons-lang" version="2.6" file-name="commons-lang-2.6.jar"/>
      <dependency groupId="net.sourceforge.serp" artifactId="serp" version="1.14.1" file-name="serp-1.14.1.jar"/>
    </dependency>
    <dependency groupId="org.apache.openwebbeans" artifactId="openwebbeans-ee" version="1.2.1" file-name="openwebbeans-ee-1.2.1.jar"/>
    <dependency groupId="org.apache.openwebbeans" artifactId="openwebbeans-ee-common" version="1.2.1" file-name="openwebbeans-ee-common-1.2.1.jar"/>
    <dependency groupId="org.apache.openwebbeans" artifactId="openwebbeans-ejb" version="1.2.1" file-name="openwebbeans-ejb-1.2.1.jar"/>
    <dependency groupId="org.apache.openwebbeans" artifactId="openwebbeans-impl" version="1.2.1" file-name="openwebbeans-impl-1.2.1.jar"/>
    <dependency groupId="org.apache.openwebbeans" artifactId="openwebbeans-spi" version="1.2.1" file-name="openwebbeans-spi-1.2.1.jar"/>
    <dependency groupId="org.apache.openwebbeans" artifactId="openwebbeans-web" version="1.2.1" file-name="openwebbeans-web-1.2.1.jar">
      <dependency groupId="org.apache.openwebbeans" artifactId="openwebbeans-el22" version="1.2.1" file-name="openwebbeans-el22-1.2.1.jar"/>
    </dependency>
    <dependency groupId="org.apache.xbean" artifactId="xbean-asm4-shaded" version="3.15" file-name="xbean-asm4-shaded-3.15.jar"/>
    <dependency groupId="org.apache.xbean" artifactId="xbean-bundleutils" version="3.15" file-name="xbean-bundleutils-3.15.jar"/>
    <dependency groupId="org.apache.xbean" artifactId="xbean-naming" version="3.15" file-name="xbean-naming-3.15.jar"/>
    <dependency groupId="org.fusesource.jansi" artifactId="jansi" version="1.8" file-name="jansi-1.8.jar"/>
    <dependency groupId="org.hsqldb" artifactId="hsqldb" version="2.3.0" file-name="hsqldb-2.3.0.jar"/>
    <dependency groupId="org.objectweb.howl" artifactId="howl" version="1.0.1-1" file-name="howl-1.0.1-1.jar"/>
    <dependency groupId="org.quartz-scheduler" artifactId="quartz" version="2.2.0" file-name="quartz-2.2.0.jar"/>
    <dependency groupId="org.slf4j" artifactId="slf4j-jdk14" version="1.7.5" file-name="slf4j-jdk14-1.7.5.jar"/>
  </dependency>
  <dependency groupId="org.apache.openejb" artifactId="openejb-cxf" version="4.6.0" file-name="openejb-cxf-4.6.0.jar">
    <dependency groupId="com.sun.xml.messaging.saaj" artifactId="saaj-impl" version="1.3.18" file-name="saaj-impl-1.3.18.jar">
      <dependency groupId="org.jvnet.mimepull" artifactId="mimepull" version="1.7" file-name="mimepull-1.7.jar"/>
    </dependency>
    <dependency groupId="org.apache.cxf" artifactId="cxf-rt-frontend-jaxws" version="2.6.9" file-name="cxf-rt-frontend-jaxws-2.6.9.jar">
      <dependency groupId="org.apache.cxf" artifactId="cxf-rt-bindings-soap" version="2.6.9" file-name="cxf-rt-bindings-soap-2.6.9.jar">
        <dependency groupId="org.apache.cxf" artifactId="cxf-rt-databinding-jaxb" version="2.6.9" file-name="cxf-rt-databinding-jaxb-2.6.9.jar"/>
      </dependency>
      <dependency groupId="org.apache.cxf" artifactId="cxf-rt-frontend-simple" version="2.6.9" file-name="cxf-rt-frontend-simple-2.6.9.jar"/>
      <dependency groupId="org.apache.cxf" artifactId="cxf-rt-ws-addr" version="2.6.9" file-name="cxf-rt-ws-addr-2.6.9.jar">
        <dependency groupId="org.apache.cxf" artifactId="cxf-rt-ws-policy" version="2.6.9" file-name="cxf-rt-ws-policy-2.6.9.jar">
          <dependency groupId="org.apache.neethi" artifactId="neethi" version="3.0.2" file-name="neethi-3.0.2.jar"/>
        </dependency>
      </dependency>
    </dependency>
    <dependency groupId="org.apache.cxf" artifactId="cxf-rt-ws-security" version="2.6.9" file-name="cxf-rt-ws-security-2.6.9.jar"/>
    <dependency groupId="org.apache.geronimo.components" artifactId="geronimo-transaction" version="3.1.1" file-name="geronimo-transaction-3.1.1.jar">
      <dependency groupId="org.apache.geronimo.specs" artifactId="geronimo-j2ee-connector_1.6_spec" version="1.0" file-name="geronimo-j2ee-connector_1.6_spec-1.0.jar"/>
    </dependency>
    <dependency groupId="org.apache.ws.security" artifactId="wss4j" version="1.6.11" file-name="wss4j-1.6.11.jar">
      <dependency groupId="org.apache.santuario" artifactId="xmlsec" version="1.5.4" file-name="xmlsec-1.5.4.jar"/>
      <dependency groupId="org.opensaml" artifactId="opensaml" version="2.5.1-1" file-name="opensaml-2.5.1-1.jar">
        <dependency groupId="org.opensaml" artifactId="openws" version="1.4.2-1" file-name="openws-1.4.2-1.jar">
          <dependency groupId="org.opensaml" artifactId="xmltooling" version="1.3.2-1" file-name="xmltooling-1.3.2-1.jar">
            <dependency groupId="joda-time" artifactId="joda-time" version="1.6.2" file-name="joda-time-1.6.2.jar"/>
          </dependency>
        </dependency>
      </dependency>
    </dependency>
    <dependency groupId="org.apache.xbean" artifactId="xbean-finder-shaded" version="3.15" file-name="xbean-finder-shaded-3.15.jar"/>
    <dependency groupId="org.apache.xbean" artifactId="xbean-reflect" version="3.15" file-name="xbean-reflect-3.15.jar"/>
    <dependency groupId="org.slf4j" artifactId="slf4j-api" version="1.7.5" file-name="slf4j-api-1.7.5.jar"/>
    <dependency groupId="wsdl4j" artifactId="wsdl4j" version="1.6.3" file-name="wsdl4j-1.6.3.jar"/>
    <dependency groupId="xalan" artifactId="serializer" version="2.7.1" file-name="serializer-2.7.1.jar"/>
    <dependency groupId="xalan" artifactId="xalan" version="2.7.1" file-name="xalan-2.7.1.jar"/>
    <dependency groupId="xerces" artifactId="xercesImpl" version="2.11.0" file-name="xercesImpl-2.11.0.jar"/>
    <dependency groupId="xml-resolver" artifactId="xml-resolver" version="1.2" file-name="xml-resolver-1.2.jar"/>
  </dependency>
  <dependency groupId="org.apache.openejb" artifactId="openejb-cxf-rs" version="4.6.0" file-name="openejb-cxf-rs-4.6.0.jar">
    <dependency groupId="org.apache.cxf" artifactId="cxf-rt-frontend-jaxrs" version="2.6.9" file-name="cxf-rt-frontend-jaxrs-2.6.9.jar">
      <dependency groupId="org.apache.cxf" artifactId="cxf-api" version="2.6.9" file-name="cxf-api-2.6.9.jar">
        <dependency groupId="org.apache.ws.xmlschema" artifactId="xmlschema-core" version="2.0.3" file-name="xmlschema-core-2.0.3.jar"/>
        <dependency groupId="org.codehaus.woodstox" artifactId="woodstox-core-asl" version="4.2.0" file-name="woodstox-core-asl-4.2.0.jar">
          <dependency groupId="org.codehaus.woodstox" artifactId="stax2-api" version="3.1.1" file-name="stax2-api-3.1.1.jar"/>
        </dependency>
      </dependency>
      <dependency groupId="org.apache.cxf" artifactId="cxf-rt-bindings-xml" version="2.6.9" file-name="cxf-rt-bindings-xml-2.6.9.jar"/>
      <dependency groupId="org.apache.cxf" artifactId="cxf-rt-core" version="2.6.9" file-name="cxf-rt-core-2.6.9.jar"/>
    </dependency>
    <dependency groupId="org.apache.cxf" artifactId="cxf-rt-rs-extension-providers" version="2.6.9" file-name="cxf-rt-rs-extension-providers-2.6.9.jar"/>
    <dependency groupId="org.apache.cxf" artifactId="cxf-rt-rs-extension-search" version="2.6.9" file-name="cxf-rt-rs-extension-search-2.6.9.jar"/>
    <dependency groupId="org.apache.cxf" artifactId="cxf-rt-rs-security-cors" version="2.6.9" file-name="cxf-rt-rs-security-cors-2.6.9.jar"/>
    <dependency groupId="org.apache.cxf" artifactId="cxf-rt-rs-security-oauth2" version="2.6.9" file-name="cxf-rt-rs-security-oauth2-2.6.9.jar"/>
    <dependency groupId="org.apache.openejb" artifactId="openejb-http" version="4.6.0" file-name="openejb-http-4.6.0.jar"/>
    <dependency groupId="org.codehaus.jettison" artifactId="jettison" version="1.3.4" file-name="jettison-1.3.4.jar"/>
  </dependency>
  <dependency groupId="org.apache.openejb" artifactId="openejb-cxf-transport" version="4.6.0" file-name="openejb-cxf-transport-4.6.0.jar">
    <dependency groupId="org.apache.cxf" artifactId="cxf-rt-transports-http" version="2.6.9" file-name="cxf-rt-transports-http-2.6.9.jar"/>
  </dependency>
  <dependency groupId="org.apache.openejb" artifactId="openejb-rest" version="4.6.0" file-name="openejb-rest-4.6.0.jar"/>
  <dependency groupId="org.apache.openejb" artifactId="openejb-webservices" version="4.6.0" file-name="openejb-webservices-4.6.0.jar">
    <dependency groupId="org.apache.openejb" artifactId="openejb-loader" version="4.6.0" file-name="openejb-loader-4.6.0.jar"/>
    <dependency groupId="org.apache.openejb" artifactId="openejb-server" version="4.6.0" file-name="openejb-server-4.6.0.jar">
      <dependency groupId="org.apache.openejb" artifactId="openejb-client" version="4.6.0" file-name="openejb-client-4.6.0.jar"/>
    </dependency>
    <dependency groupId="org.codehaus.swizzle" artifactId="swizzle-stream" version="1.6.2" file-name="swizzle-stream-1.6.2.jar"/>
  </dependency>
  <dependency groupId="org.apache.openejb" artifactId="tomee-webapp" version="1.6.0" file-name="tomee-webapp-1.6.0.war"/>
  <dependency groupId="org.apache.openejb" artifactId="tomee-webservices" version="1.6.0" file-name="tomee-webservices-1.6.0.jar">
    <dependency groupId="org.apache.openejb" artifactId="openejb-ejbd" version="4.6.0" file-name="openejb-ejbd-4.6.0.jar"/>
    <dependency groupId="org.apache.openejb" artifactId="tomee-catalina" version="1.6.0" file-name="tomee-catalina-1.6.0.jar">
      <dependency groupId="org.apache.openejb" artifactId="tomee-jdbc" version="1.6.0" file-name="tomee-jdbc-1.6.0.jar"/>
    </dependency>
    <dependency groupId="org.apache.openejb" artifactId="tomee-common" version="1.6.0" file-name="tomee-common-1.6.0.jar">
      <dependency groupId="org.apache.openejb.staticweb" artifactId="static-tomee-bootstrap" version="1.6.0" file-name="static-tomee-bootstrap-1.6.0.jar"/>
      <dependency groupId="org.apache.openejb.staticweb" artifactId="static-tomee-jquery" version="1.6.0" file-name="static-tomee-jquery-1.6.0.jar"/>
    </dependency>
    <dependency groupId="org.apache.openejb" artifactId="tomee-jaxrs" version="1.6.0" file-name="tomee-jaxrs-1.6.0.jar"/>
    <dependency groupId="org.apache.openejb" artifactId="tomee-loader" version="1.6.0" file-name="tomee-loader-1.6.0.jar"/>
  </dependency>
  <dependency groupId="xml-apis" artifactId="xml-apis" version="1.4.01" file-name="xml-apis-1.4.01.jar"/>
</dependencies>
